trade_id,type,strike,strategy,entry_premium,current_premium,pnl,pnl_pct,status,current_delta,current_gamma
1,CALL,57.5,GAMMA EXPLOSION,0.99,1.405,41.5,41.91919191919192,🟢 STRONG PROFIT - Consider exit,0.6354136654875445,0.2042247717422651
2,CALL,58.0,GAMMA SCALP,0.79,1.12,33.000000000000014,41.772151898734194,🟢 STRONG PROFIT - Consider exit,0.529250808578104,0.21915078415487546
3,PUT,57.5,GAMMA EXPLOSION (BEARISH),1.19,0.4,-79.0,-66.38655462184873,🔴 HEAVY LOSS - Exit now!,-0.30573485012300583,0.286968781859388
4,CALL,57.0,DIRECTIONAL BULLISH,1.25,1.74,49.0,39.2,🟢 STRONG PROFIT - Consider exit,0.7276669532567326,0.1755228698218537
5,PUT,57.0,BEARISH SPECULATION,0.88,0.29000000000000004,-59.0,-67.04545454545455,🔴 HEAVY LOSS - Exit now!,-0.19023292426748023,0.2108666876325371
